Codon1,Codon2,Possibe_H_Mutations
TTT,TTT,0
TTT,TTC,1769
TTT,TTA,1769
TTT,TTG,1769
TTT,TCT,3721
TTT,TCC,0
TTT,TCA,0
TTT,TCG,0
TTT,TAT,3721
TTT,TAC,0
TTT,TGT,3721
TTT,TGC,0
TTT,TGG,0
TTT,CTT,3721
TTT,CTC,0
TTT,CTA,0
TTT,CTG,0
TTT,CCT,0
TTT,CCC,0
TTT,CCA,0
TTT,CCG,0
TTT,CAT,0
TTT,CAC,0
TTT,CAA,0
TTT,CAG,0
TTT,CGT,0
TTT,CGC,0
TTT,CGA,0
TTT,CGG,0
TTT,ATT,3721
TTT,ATC,0
TTT,ATA,0
TTT,ATG,0
TTT,ACT,0
TTT,ACC,0
TTT,ACA,0
TTT,ACG,0
TTT,AAT,0
TTT,AAC,0
TTT,AAA,0
TTT,AAG,0
TTT,AGT,0
TTT,AGC,0
TTT,AGA,0
TTT,AGG,0
TTT,GTT,3721
TTT,GTC,0
TTT,GTA,0
TTT,GTG,0
TTT,GCT,0
TTT,GCC,0
TTT,GCA,0
TTT,GCG,0
TTT,GAT,0
TTT,GAC,0
TTT,GAA,0
TTT,GAG,0
TTT,GGT,0
TTT,GGC,0
TTT,GGA,0
TTT,GGG,0
TTC,TTT,0
TTC,TTC,0
TTC,TTA,0
TTC,TTG,0
TTC,TCT,0
TTC,TCC,0
TTC,TCA,0
TTC,TCG,0
TTC,TAT,0
TTC,TAC,0
TTC,TGT,0
TTC,TGC,0
TTC,TGG,0
TTC,CTT,0
TTC,CTC,3721
TTC,CTA,0
TTC,CTG,0
TTC,CCT,0
TTC,CCC,0
TTC,CCA,0
TTC,CCG,0
TTC,CAT,0
TTC,CAC,0
TTC,CAA,0
TTC,CAG,0
TTC,CGT,0
TTC,CGC,0
TTC,CGA,0
TTC,CGG,0
TTC,ATT,0
TTC,ATC,3721
TTC,ATA,0
TTC,ATG,0
TTC,ACT,0
TTC,ACC,0
TTC,ACA,0
TTC,ACG,0
TTC,AAT,0
TTC,AAC,0
TTC,AAA,0
TTC,AAG,0
TTC,AGT,0
TTC,AGC,0
TTC,AGA,0
TTC,AGG,0
TTC,GTT,0
TTC,GTC,3721
TTC,GTA,0
TTC,GTG,0
TTC,GCT,0
TTC,GCC,0
TTC,GCA,0
TTC,GCG,0
TTC,GAT,0
TTC,GAC,0
TTC,GAA,0
TTC,GAG,0
TTC,GGT,0
TTC,GGC,0
TTC,GGA,0
TTC,GGG,0
TTA,TTT,0
TTA,TTC,0
TTA,TTA,0
TTA,TTG,0
TTA,TCT,0
TTA,TCC,0
TTA,TCA,3721
TTA,TCG,0
TTA,TAT,0
TTA,TAC,0
TTA,TGT,0
TTA,TGC,0
TTA,TGG,0
TTA,CTT,0
TTA,CTC,0
TTA,CTA,3721
TTA,CTG,0
TTA,CCT,0
TTA,CCC,0
TTA,CCA,0
TTA,CCG,0
TTA,CAT,0
TTA,CAC,0
TTA,CAA,0
TTA,CAG,0
TTA,CGT,0
TTA,CGC,0
TTA,CGA,0
TTA,CGG,0
TTA,ATT,0
TTA,ATC,0
TTA,ATA,3721
TTA,ATG,0
TTA,ACT,0
TTA,ACC,0
TTA,ACA,0
TTA,ACG,0
TTA,AAT,0
TTA,AAC,0
TTA,AAA,0
TTA,AAG,0
TTA,AGT,0
TTA,AGC,0
TTA,AGA,0
TTA,AGG,0
TTA,GTT,0
TTA,GTC,0
TTA,GTA,3721
TTA,GTG,0
TTA,GCT,0
TTA,GCC,0
TTA,GCA,0
TTA,GCG,0
TTA,GAT,0
TTA,GAC,0
TTA,GAA,0
TTA,GAG,0
TTA,GGT,0
TTA,GGC,0
TTA,GGA,0
TTA,GGG,0
TTG,TTT,0
TTG,TTC,0
TTG,TTA,0
TTG,TTG,0
TTG,TCT,0
TTG,TCC,0
TTG,TCA,0
TTG,TCG,0
TTG,TAT,0
TTG,TAC,0
TTG,TGT,0
TTG,TGC,0
TTG,TGG,0
TTG,CTT,0
TTG,CTC,0
TTG,CTA,0
TTG,CTG,3721
TTG,CCT,0
TTG,CCC,0
TTG,CCA,0
TTG,CCG,0
TTG,CAT,0
TTG,CAC,0
TTG,CAA,0
TTG,CAG,0
TTG,CGT,0
TTG,CGC,0
TTG,CGA,0
TTG,CGG,0
TTG,ATT,0
TTG,ATC,0
TTG,ATA,0
TTG,ATG,3721
TTG,ACT,0
TTG,ACC,0
TTG,ACA,0
TTG,ACG,0
TTG,AAT,0
TTG,AAC,0
TTG,AAA,0
TTG,AAG,0
TTG,AGT,0
TTG,AGC,0
TTG,AGA,0
TTG,AGG,0
TTG,GTT,0
TTG,GTC,0
TTG,GTA,0
TTG,GTG,3721
TTG,GCT,0
TTG,GCC,0
TTG,GCA,0
TTG,GCG,0
TTG,GAT,0
TTG,GAC,0
TTG,GAA,0
TTG,GAG,0
TTG,GGT,0
TTG,GGC,0
TTG,GGA,0
TTG,GGG,0
TCT,TTT,0
TCT,TTC,0
TCT,TTA,0
TCT,TTG,0
TCT,TCT,0
TCT,TCC,1769
TCT,TCA,1769
TCT,TCG,1769
TCT,TAT,0
TCT,TAC,0
TCT,TGT,0
TCT,TGC,0
TCT,TGG,0
TCT,CTT,0
TCT,CTC,0
TCT,CTA,0
TCT,CTG,0
TCT,CCT,0
TCT,CCC,0
TCT,CCA,0
TCT,CCG,0
TCT,CAT,0
TCT,CAC,0
TCT,CAA,0
TCT,CAG,0
TCT,CGT,0
TCT,CGC,0
TCT,CGA,0
TCT,CGG,0
TCT,ATT,0
TCT,ATC,0
TCT,ATA,0
TCT,ATG,0
TCT,ACT,0
TCT,ACC,0
TCT,ACA,0
TCT,ACG,0
TCT,AAT,0
TCT,AAC,0
TCT,AAA,0
TCT,AAG,0
TCT,AGT,0
TCT,AGC,0
TCT,AGA,0
TCT,AGG,0
TCT,GTT,0
TCT,GTC,0
TCT,GTA,0
TCT,GTG,0
TCT,GCT,0
TCT,GCC,0
TCT,GCA,0
TCT,GCG,0
TCT,GAT,0
TCT,GAC,0
TCT,GAA,0
TCT,GAG,0
TCT,GGT,0
TCT,GGC,0
TCT,GGA,0
TCT,GGG,0
TCC,TTT,0
TCC,TTC,0
TCC,TTA,0
TCC,TTG,0
TCC,TCT,0
TCC,TCC,0
TCC,TCA,0
TCC,TCG,0
TCC,TAT,0
TCC,TAC,0
TCC,TGT,0
TCC,TGC,0
TCC,TGG,0
TCC,CTT,0
TCC,CTC,0
TCC,CTA,0
TCC,CTG,0
TCC,CCT,0
TCC,CCC,0
TCC,CCA,0
TCC,CCG,0
TCC,CAT,0
TCC,CAC,0
TCC,CAA,0
TCC,CAG,0
TCC,CGT,0
TCC,CGC,0
TCC,CGA,0
TCC,CGG,0
TCC,ATT,0
TCC,ATC,0
TCC,ATA,0
TCC,ATG,0
TCC,ACT,0
TCC,ACC,0
TCC,ACA,0
TCC,ACG,0
TCC,AAT,0
TCC,AAC,0
TCC,AAA,0
TCC,AAG,0
TCC,AGT,0
TCC,AGC,0
TCC,AGA,0
TCC,AGG,0
TCC,GTT,0
TCC,GTC,0
TCC,GTA,0
TCC,GTG,0
TCC,GCT,0
TCC,GCC,0
TCC,GCA,0
TCC,GCG,0
TCC,GAT,0
TCC,GAC,0
TCC,GAA,0
TCC,GAG,0
TCC,GGT,0
TCC,GGC,0
TCC,GGA,0
TCC,GGG,0
TCA,TTT,0
TCA,TTC,0
TCA,TTA,0
TCA,TTG,0
TCA,TCT,0
TCA,TCC,0
TCA,TCA,0
TCA,TCG,0
TCA,TAT,0
TCA,TAC,0
TCA,TGT,0
TCA,TGC,0
TCA,TGG,0
TCA,CTT,0
TCA,CTC,0
TCA,CTA,0
TCA,CTG,0
TCA,CCT,0
TCA,CCC,0
TCA,CCA,0
TCA,CCG,0
TCA,CAT,0
TCA,CAC,0
TCA,CAA,0
TCA,CAG,0
TCA,CGT,0
TCA,CGC,0
TCA,CGA,0
TCA,CGG,0
TCA,ATT,0
TCA,ATC,0
TCA,ATA,0
TCA,ATG,0
TCA,ACT,0
TCA,ACC,0
TCA,ACA,0
TCA,ACG,0
TCA,AAT,0
TCA,AAC,0
TCA,AAA,0
TCA,AAG,0
TCA,AGT,0
TCA,AGC,0
TCA,AGA,0
TCA,AGG,0
TCA,GTT,0
TCA,GTC,0
TCA,GTA,0
TCA,GTG,0
TCA,GCT,0
TCA,GCC,0
TCA,GCA,0
TCA,GCG,0
TCA,GAT,0
TCA,GAC,0
TCA,GAA,0
TCA,GAG,0
TCA,GGT,0
TCA,GGC,0
TCA,GGA,0
TCA,GGG,0
TCG,TTT,0
TCG,TTC,0
TCG,TTA,0
TCG,TTG,0
TCG,TCT,0
TCG,TCC,0
TCG,TCA,0
TCG,TCG,0
TCG,TAT,0
TCG,TAC,0
TCG,TGT,0
TCG,TGC,0
TCG,TGG,0
TCG,CTT,0
TCG,CTC,0
TCG,CTA,0
TCG,CTG,0
TCG,CCT,0
TCG,CCC,0
TCG,CCA,0
TCG,CCG,0
TCG,CAT,0
TCG,CAC,0
TCG,CAA,0
TCG,CAG,0
TCG,CGT,0
TCG,CGC,0
TCG,CGA,0
TCG,CGG,0
TCG,ATT,0
TCG,ATC,0
TCG,ATA,0
TCG,ATG,0
TCG,ACT,0
TCG,ACC,0
TCG,ACA,0
TCG,ACG,0
TCG,AAT,0
TCG,AAC,0
TCG,AAA,0
TCG,AAG,0
TCG,AGT,0
TCG,AGC,0
TCG,AGA,0
TCG,AGG,0
TCG,GTT,0
TCG,GTC,0
TCG,GTA,0
TCG,GTG,0
TCG,GCT,0
TCG,GCC,0
TCG,GCA,0
TCG,GCG,0
TCG,GAT,0
TCG,GAC,0
TCG,GAA,0
TCG,GAG,0
TCG,GGT,0
TCG,GGC,0
TCG,GGA,0
TCG,GGG,0
TAT,TTT,0
TAT,TTC,0
TAT,TTA,0
TAT,TTG,0
TAT,TCT,0
TAT,TCC,0
TAT,TCA,0
TAT,TCG,0
TAT,TAT,0
TAT,TAC,1769
TAT,TGT,0
TAT,TGC,0
TAT,TGG,0
TAT,CTT,0
TAT,CTC,0
TAT,CTA,0
TAT,CTG,0
TAT,CCT,0
TAT,CCC,0
TAT,CCA,0
TAT,CCG,0
TAT,CAT,3721
TAT,CAC,0
TAT,CAA,0
TAT,CAG,0
TAT,CGT,0
TAT,CGC,0
TAT,CGA,0
TAT,CGG,0
TAT,ATT,0
TAT,ATC,0
TAT,ATA,0
TAT,ATG,0
TAT,ACT,0
TAT,ACC,0
TAT,ACA,0
TAT,ACG,0
TAT,AAT,3721
TAT,AAC,0
TAT,AAA,0
TAT,AAG,0
TAT,AGT,0
TAT,AGC,0
TAT,AGA,0
TAT,AGG,0
TAT,GTT,0
TAT,GTC,0
TAT,GTA,0
TAT,GTG,0
TAT,GCT,0
TAT,GCC,0
TAT,GCA,0
TAT,GCG,0
TAT,GAT,3721
TAT,GAC,0
TAT,GAA,0
TAT,GAG,0
TAT,GGT,0
TAT,GGC,0
TAT,GGA,0
TAT,GGG,0
TAC,TTT,0
TAC,TTC,0
TAC,TTA,0
TAC,TTG,0
TAC,TCT,0
TAC,TCC,0
TAC,TCA,0
TAC,TCG,0
TAC,TAT,0
TAC,TAC,0
TAC,TGT,0
TAC,TGC,0
TAC,TGG,0
TAC,CTT,0
TAC,CTC,0
TAC,CTA,0
TAC,CTG,0
TAC,CCT,0
TAC,CCC,0
TAC,CCA,0
TAC,CCG,0
TAC,CAT,0
TAC,CAC,3721
TAC,CAA,0
TAC,CAG,0
TAC,CGT,0
TAC,CGC,0
TAC,CGA,0
TAC,CGG,0
TAC,ATT,0
TAC,ATC,0
TAC,ATA,0
TAC,ATG,0
TAC,ACT,0
TAC,ACC,0
TAC,ACA,0
TAC,ACG,0
TAC,AAT,0
TAC,AAC,3721
TAC,AAA,0
TAC,AAG,0
TAC,AGT,0
TAC,AGC,0
TAC,AGA,0
TAC,AGG,0
TAC,GTT,0
TAC,GTC,0
TAC,GTA,0
TAC,GTG,0
TAC,GCT,0
TAC,GCC,0
TAC,GCA,0
TAC,GCG,0
TAC,GAT,0
TAC,GAC,3721
TAC,GAA,0
TAC,GAG,0
TAC,GGT,0
TAC,GGC,0
TAC,GGA,0
TAC,GGG,0
TGT,TTT,0
TGT,TTC,0
TGT,TTA,0
TGT,TTG,0
TGT,TCT,0
TGT,TCC,0
TGT,TCA,0
TGT,TCG,0
TGT,TAT,0
TGT,TAC,0
TGT,TGT,0
TGT,TGC,1769
TGT,TGG,1769
TGT,CTT,0
TGT,CTC,0
TGT,CTA,0
TGT,CTG,0
TGT,CCT,0
TGT,CCC,0
TGT,CCA,0
TGT,CCG,0
TGT,CAT,0
TGT,CAC,0
TGT,CAA,0
TGT,CAG,0
TGT,CGT,0
TGT,CGC,0
TGT,CGA,0
TGT,CGG,0
TGT,ATT,0
TGT,ATC,0
TGT,ATA,0
TGT,ATG,0
TGT,ACT,0
TGT,ACC,0
TGT,ACA,0
TGT,ACG,0
TGT,AAT,0
TGT,AAC,0
TGT,AAA,0
TGT,AAG,0
TGT,AGT,0
TGT,AGC,0
TGT,AGA,0
TGT,AGG,0
TGT,GTT,0
TGT,GTC,0
TGT,GTA,0
TGT,GTG,0
TGT,GCT,0
TGT,GCC,0
TGT,GCA,0
TGT,GCG,0
TGT,GAT,0
TGT,GAC,0
TGT,GAA,0
TGT,GAG,0
TGT,GGT,0
TGT,GGC,0
TGT,GGA,0
TGT,GGG,0
TGC,TTT,0
TGC,TTC,0
TGC,TTA,0
TGC,TTG,0
TGC,TCT,0
TGC,TCC,0
TGC,TCA,0
TGC,TCG,0
TGC,TAT,0
TGC,TAC,0
TGC,TGT,0
TGC,TGC,0
TGC,TGG,0
TGC,CTT,0
TGC,CTC,0
TGC,CTA,0
TGC,CTG,0
TGC,CCT,0
TGC,CCC,0
TGC,CCA,0
TGC,CCG,0
TGC,CAT,0
TGC,CAC,0
TGC,CAA,0
TGC,CAG,0
TGC,CGT,0
TGC,CGC,0
TGC,CGA,0
TGC,CGG,0
TGC,ATT,0
TGC,ATC,0
TGC,ATA,0
TGC,ATG,0
TGC,ACT,0
TGC,ACC,0
TGC,ACA,0
TGC,ACG,0
TGC,AAT,0
TGC,AAC,0
TGC,AAA,0
TGC,AAG,0
TGC,AGT,0
TGC,AGC,0
TGC,AGA,0
TGC,AGG,0
TGC,GTT,0
TGC,GTC,0
TGC,GTA,0
TGC,GTG,0
TGC,GCT,0
TGC,GCC,0
TGC,GCA,0
TGC,GCG,0
TGC,GAT,0
TGC,GAC,0
TGC,GAA,0
TGC,GAG,0
TGC,GGT,0
TGC,GGC,0
TGC,GGA,0
TGC,GGG,0
TGG,TTT,0
TGG,TTC,0
TGG,TTA,0
TGG,TTG,0
TGG,TCT,0
TGG,TCC,0
TGG,TCA,0
TGG,TCG,0
TGG,TAT,0
TGG,TAC,0
TGG,TGT,0
TGG,TGC,0
TGG,TGG,0
TGG,CTT,0
TGG,CTC,0
TGG,CTA,0
TGG,CTG,0
TGG,CCT,0
TGG,CCC,0
TGG,CCA,0
TGG,CCG,0
TGG,CAT,0
TGG,CAC,0
TGG,CAA,0
TGG,CAG,0
TGG,CGT,0
TGG,CGC,0
TGG,CGA,0
TGG,CGG,0
TGG,ATT,0
TGG,ATC,0
TGG,ATA,0
TGG,ATG,0
TGG,ACT,0
TGG,ACC,0
TGG,ACA,0
TGG,ACG,0
TGG,AAT,0
TGG,AAC,0
TGG,AAA,0
TGG,AAG,0
TGG,AGT,0
TGG,AGC,0
TGG,AGA,0
TGG,AGG,0
TGG,GTT,0
TGG,GTC,0
TGG,GTA,0
TGG,GTG,0
TGG,GCT,0
TGG,GCC,0
TGG,GCA,0
TGG,GCG,0
TGG,GAT,0
TGG,GAC,0
TGG,GAA,0
TGG,GAG,0
TGG,GGT,0
TGG,GGC,0
TGG,GGA,0
TGG,GGG,0
CTT,TTT,0
CTT,TTC,0
CTT,TTA,0
CTT,TTG,0
CTT,TCT,0
CTT,TCC,0
CTT,TCA,0
CTT,TCG,0
CTT,TAT,0
CTT,TAC,0
CTT,TGT,0
CTT,TGC,0
CTT,TGG,0
CTT,CTT,0
CTT,CTC,1769
CTT,CTA,1769
CTT,CTG,1769
CTT,CCT,3721
CTT,CCC,0
CTT,CCA,0
CTT,CCG,0
CTT,CAT,3721
CTT,CAC,0
CTT,CAA,0
CTT,CAG,0
CTT,CGT,3721
CTT,CGC,0
CTT,CGA,0
CTT,CGG,0
CTT,ATT,0
CTT,ATC,0
CTT,ATA,0
CTT,ATG,0
CTT,ACT,0
CTT,ACC,0
CTT,ACA,0
CTT,ACG,0
CTT,AAT,0
CTT,AAC,0
CTT,AAA,0
CTT,AAG,0
CTT,AGT,0
CTT,AGC,0
CTT,AGA,0
CTT,AGG,0
CTT,GTT,0
CTT,GTC,0
CTT,GTA,0
CTT,GTG,0
CTT,GCT,0
CTT,GCC,0
CTT,GCA,0
CTT,GCG,0
CTT,GAT,0
CTT,GAC,0
CTT,GAA,0
CTT,GAG,0
CTT,GGT,0
CTT,GGC,0
CTT,GGA,0
CTT,GGG,0
CTC,TTT,0
CTC,TTC,0
CTC,TTA,0
CTC,TTG,0
CTC,TCT,0
CTC,TCC,0
CTC,TCA,0
CTC,TCG,0
CTC,TAT,0
CTC,TAC,0
CTC,TGT,0
CTC,TGC,0
CTC,TGG,0
CTC,CTT,0
CTC,CTC,0
CTC,CTA,0
CTC,CTG,0
CTC,CCT,0
CTC,CCC,0
CTC,CCA,0
CTC,CCG,0
CTC,CAT,0
CTC,CAC,0
CTC,CAA,0
CTC,CAG,0
CTC,CGT,0
CTC,CGC,0
CTC,CGA,0
CTC,CGG,0
CTC,ATT,0
CTC,ATC,0
CTC,ATA,0
CTC,ATG,0
CTC,ACT,0
CTC,ACC,0
CTC,ACA,0
CTC,ACG,0
CTC,AAT,0
CTC,AAC,0
CTC,AAA,0
CTC,AAG,0
CTC,AGT,0
CTC,AGC,0
CTC,AGA,0
CTC,AGG,0
CTC,GTT,0
CTC,GTC,0
CTC,GTA,0
CTC,GTG,0
CTC,GCT,0
CTC,GCC,0
CTC,GCA,0
CTC,GCG,0
CTC,GAT,0
CTC,GAC,0
CTC,GAA,0
CTC,GAG,0
CTC,GGT,0
CTC,GGC,0
CTC,GGA,0
CTC,GGG,0
CTA,TTT,0
CTA,TTC,0
CTA,TTA,0
CTA,TTG,0
CTA,TCT,0
CTA,TCC,0
CTA,TCA,0
CTA,TCG,0
CTA,TAT,0
CTA,TAC,0
CTA,TGT,0
CTA,TGC,0
CTA,TGG,0
CTA,CTT,0
CTA,CTC,0
CTA,CTA,0
CTA,CTG,0
CTA,CCT,0
CTA,CCC,0
CTA,CCA,3721
CTA,CCG,0
CTA,CAT,0
CTA,CAC,0
CTA,CAA,3721
CTA,CAG,0
CTA,CGT,0
CTA,CGC,0
CTA,CGA,3721
CTA,CGG,0
CTA,ATT,0
CTA,ATC,0
CTA,ATA,0
CTA,ATG,0
CTA,ACT,0
CTA,ACC,0
CTA,ACA,0
CTA,ACG,0
CTA,AAT,0
CTA,AAC,0
CTA,AAA,0
CTA,AAG,0
CTA,AGT,0
CTA,AGC,0
CTA,AGA,0
CTA,AGG,0
CTA,GTT,0
CTA,GTC,0
CTA,GTA,0
CTA,GTG,0
CTA,GCT,0
CTA,GCC,0
CTA,GCA,0
CTA,GCG,0
CTA,GAT,0
CTA,GAC,0
CTA,GAA,0
CTA,GAG,0
CTA,GGT,0
CTA,GGC,0
CTA,GGA,0
CTA,GGG,0
CTG,TTT,0
CTG,TTC,0
CTG,TTA,0
CTG,TTG,0
CTG,TCT,0
CTG,TCC,0
CTG,TCA,0
CTG,TCG,0
CTG,TAT,0
CTG,TAC,0
CTG,TGT,0
CTG,TGC,0
CTG,TGG,0
CTG,CTT,0
CTG,CTC,0
CTG,CTA,0
CTG,CTG,0
CTG,CCT,0
CTG,CCC,0
CTG,CCA,0
CTG,CCG,0
CTG,CAT,0
CTG,CAC,0
CTG,CAA,0
CTG,CAG,0
CTG,CGT,0
CTG,CGC,0
CTG,CGA,0
CTG,CGG,0
CTG,ATT,0
CTG,ATC,0
CTG,ATA,0
CTG,ATG,0
CTG,ACT,0
CTG,ACC,0
CTG,ACA,0
CTG,ACG,0
CTG,AAT,0
CTG,AAC,0
CTG,AAA,0
CTG,AAG,0
CTG,AGT,0
CTG,AGC,0
CTG,AGA,0
CTG,AGG,0
CTG,GTT,0
CTG,GTC,0
CTG,GTA,0
CTG,GTG,0
CTG,GCT,0
CTG,GCC,0
CTG,GCA,0
CTG,GCG,0
CTG,GAT,0
CTG,GAC,0
CTG,GAA,0
CTG,GAG,0
CTG,GGT,0
CTG,GGC,0
CTG,GGA,0
CTG,GGG,0
CCT,TTT,0
CCT,TTC,0
CCT,TTA,0
CCT,TTG,0
CCT,TCT,0
CCT,TCC,0
CCT,TCA,0
CCT,TCG,0
CCT,TAT,0
CCT,TAC,0
CCT,TGT,0
CCT,TGC,0
CCT,TGG,0
CCT,CTT,0
CCT,CTC,0
CCT,CTA,0
CCT,CTG,0
CCT,CCT,0
CCT,CCC,1769
CCT,CCA,1769
CCT,CCG,1769
CCT,CAT,0
CCT,CAC,0
CCT,CAA,0
CCT,CAG,0
CCT,CGT,0
CCT,CGC,0
CCT,CGA,0
CCT,CGG,0
CCT,ATT,0
CCT,ATC,0
CCT,ATA,0
CCT,ATG,0
CCT,ACT,0
CCT,ACC,0
CCT,ACA,0
CCT,ACG,0
CCT,AAT,0
CCT,AAC,0
CCT,AAA,0
CCT,AAG,0
CCT,AGT,0
CCT,AGC,0
CCT,AGA,0
CCT,AGG,0
CCT,GTT,0
CCT,GTC,0
CCT,GTA,0
CCT,GTG,0
CCT,GCT,0
CCT,GCC,0
CCT,GCA,0
CCT,GCG,0
CCT,GAT,0
CCT,GAC,0
CCT,GAA,0
CCT,GAG,0
CCT,GGT,0
CCT,GGC,0
CCT,GGA,0
CCT,GGG,0
CCC,TTT,0
CCC,TTC,0
CCC,TTA,0
CCC,TTG,0
CCC,TCT,0
CCC,TCC,0
CCC,TCA,0
CCC,TCG,0
CCC,TAT,0
CCC,TAC,0
CCC,TGT,0
CCC,TGC,0
CCC,TGG,0
CCC,CTT,0
CCC,CTC,0
CCC,CTA,0
CCC,CTG,0
CCC,CCT,0
CCC,CCC,0
CCC,CCA,0
CCC,CCG,0
CCC,CAT,0
CCC,CAC,0
CCC,CAA,0
CCC,CAG,0
CCC,CGT,0
CCC,CGC,0
CCC,CGA,0
CCC,CGG,0
CCC,ATT,0
CCC,ATC,0
CCC,ATA,0
CCC,ATG,0
CCC,ACT,0
CCC,ACC,0
CCC,ACA,0
CCC,ACG,0
CCC,AAT,0
CCC,AAC,0
CCC,AAA,0
CCC,AAG,0
CCC,AGT,0
CCC,AGC,0
CCC,AGA,0
CCC,AGG,0
CCC,GTT,0
CCC,GTC,0
CCC,GTA,0
CCC,GTG,0
CCC,GCT,0
CCC,GCC,0
CCC,GCA,0
CCC,GCG,0
CCC,GAT,0
CCC,GAC,0
CCC,GAA,0
CCC,GAG,0
CCC,GGT,0
CCC,GGC,0
CCC,GGA,0
CCC,GGG,0
CCA,TTT,0
CCA,TTC,0
CCA,TTA,0
CCA,TTG,0
CCA,TCT,0
CCA,TCC,0
CCA,TCA,0
CCA,TCG,0
CCA,TAT,0
CCA,TAC,0
CCA,TGT,0
CCA,TGC,0
CCA,TGG,0
CCA,CTT,0
CCA,CTC,0
CCA,CTA,0
CCA,CTG,0
CCA,CCT,0
CCA,CCC,0
CCA,CCA,0
CCA,CCG,0
CCA,CAT,0
CCA,CAC,0
CCA,CAA,0
CCA,CAG,0
CCA,CGT,0
CCA,CGC,0
CCA,CGA,0
CCA,CGG,0
CCA,ATT,0
CCA,ATC,0
CCA,ATA,0
CCA,ATG,0
CCA,ACT,0
CCA,ACC,0
CCA,ACA,0
CCA,ACG,0
CCA,AAT,0
CCA,AAC,0
CCA,AAA,0
CCA,AAG,0
CCA,AGT,0
CCA,AGC,0
CCA,AGA,0
CCA,AGG,0
CCA,GTT,0
CCA,GTC,0
CCA,GTA,0
CCA,GTG,0
CCA,GCT,0
CCA,GCC,0
CCA,GCA,0
CCA,GCG,0
CCA,GAT,0
CCA,GAC,0
CCA,GAA,0
CCA,GAG,0
CCA,GGT,0
CCA,GGC,0
CCA,GGA,0
CCA,GGG,0
CCG,TTT,0
CCG,TTC,0
CCG,TTA,0
CCG,TTG,0
CCG,TCT,0
CCG,TCC,0
CCG,TCA,0
CCG,TCG,0
CCG,TAT,0
CCG,TAC,0
CCG,TGT,0
CCG,TGC,0
CCG,TGG,0
CCG,CTT,0
CCG,CTC,0
CCG,CTA,0
CCG,CTG,0
CCG,CCT,0
CCG,CCC,0
CCG,CCA,0
CCG,CCG,0
CCG,CAT,0
CCG,CAC,0
CCG,CAA,0
CCG,CAG,0
CCG,CGT,0
CCG,CGC,0
CCG,CGA,0
CCG,CGG,0
CCG,ATT,0
CCG,ATC,0
CCG,ATA,0
CCG,ATG,0
CCG,ACT,0
CCG,ACC,0
CCG,ACA,0
CCG,ACG,0
CCG,AAT,0
CCG,AAC,0
CCG,AAA,0
CCG,AAG,0
CCG,AGT,0
CCG,AGC,0
CCG,AGA,0
CCG,AGG,0
CCG,GTT,0
CCG,GTC,0
CCG,GTA,0
CCG,GTG,0
CCG,GCT,0
CCG,GCC,0
CCG,GCA,0
CCG,GCG,0
CCG,GAT,0
CCG,GAC,0
CCG,GAA,0
CCG,GAG,0
CCG,GGT,0
CCG,GGC,0
CCG,GGA,0
CCG,GGG,0
CAT,TTT,0
CAT,TTC,0
CAT,TTA,0
CAT,TTG,0
CAT,TCT,0
CAT,TCC,0
CAT,TCA,0
CAT,TCG,0
CAT,TAT,0
CAT,TAC,0
CAT,TGT,0
CAT,TGC,0
CAT,TGG,0
CAT,CTT,0
CAT,CTC,0
CAT,CTA,0
CAT,CTG,0
CAT,CCT,0
CAT,CCC,0
CAT,CCA,0
CAT,CCG,0
CAT,CAT,0
CAT,CAC,1769
CAT,CAA,1769
CAT,CAG,1769
CAT,CGT,0
CAT,CGC,0
CAT,CGA,0
CAT,CGG,0
CAT,ATT,0
CAT,ATC,0
CAT,ATA,0
CAT,ATG,0
CAT,ACT,0
CAT,ACC,0
CAT,ACA,0
CAT,ACG,0
CAT,AAT,0
CAT,AAC,0
CAT,AAA,0
CAT,AAG,0
CAT,AGT,0
CAT,AGC,0
CAT,AGA,0
CAT,AGG,0
CAT,GTT,0
CAT,GTC,0
CAT,GTA,0
CAT,GTG,0
CAT,GCT,0
CAT,GCC,0
CAT,GCA,0
CAT,GCG,0
CAT,GAT,0
CAT,GAC,0
CAT,GAA,0
CAT,GAG,0
CAT,GGT,0
CAT,GGC,0
CAT,GGA,0
CAT,GGG,0
CAC,TTT,0
CAC,TTC,0
CAC,TTA,0
CAC,TTG,0
CAC,TCT,0
CAC,TCC,0
CAC,TCA,0
CAC,TCG,0
CAC,TAT,0
CAC,TAC,0
CAC,TGT,0
CAC,TGC,0
CAC,TGG,0
CAC,CTT,0
CAC,CTC,0
CAC,CTA,0
CAC,CTG,0
CAC,CCT,0
CAC,CCC,0
CAC,CCA,0
CAC,CCG,0
CAC,CAT,0
CAC,CAC,0
CAC,CAA,0
CAC,CAG,0
CAC,CGT,0
CAC,CGC,0
CAC,CGA,0
CAC,CGG,0
CAC,ATT,0
CAC,ATC,0
CAC,ATA,0
CAC,ATG,0
CAC,ACT,0
CAC,ACC,0
CAC,ACA,0
CAC,ACG,0
CAC,AAT,0
CAC,AAC,0
CAC,AAA,0
CAC,AAG,0
CAC,AGT,0
CAC,AGC,0
CAC,AGA,0
CAC,AGG,0
CAC,GTT,0
CAC,GTC,0
CAC,GTA,0
CAC,GTG,0
CAC,GCT,0
CAC,GCC,0
CAC,GCA,0
CAC,GCG,0
CAC,GAT,0
CAC,GAC,0
CAC,GAA,0
CAC,GAG,0
CAC,GGT,0
CAC,GGC,0
CAC,GGA,0
CAC,GGG,0
CAA,TTT,0
CAA,TTC,0
CAA,TTA,0
CAA,TTG,0
CAA,TCT,0
CAA,TCC,0
CAA,TCA,0
CAA,TCG,0
CAA,TAT,0
CAA,TAC,0
CAA,TGT,0
CAA,TGC,0
CAA,TGG,0
CAA,CTT,0
CAA,CTC,0
CAA,CTA,0
CAA,CTG,0
CAA,CCT,0
CAA,CCC,0
CAA,CCA,0
CAA,CCG,0
CAA,CAT,0
CAA,CAC,0
CAA,CAA,0
CAA,CAG,0
CAA,CGT,0
CAA,CGC,0
CAA,CGA,0
CAA,CGG,0
CAA,ATT,0
CAA,ATC,0
CAA,ATA,0
CAA,ATG,0
CAA,ACT,0
CAA,ACC,0
CAA,ACA,0
CAA,ACG,0
CAA,AAT,0
CAA,AAC,0
CAA,AAA,0
CAA,AAG,0
CAA,AGT,0
CAA,AGC,0
CAA,AGA,0
CAA,AGG,0
CAA,GTT,0
CAA,GTC,0
CAA,GTA,0
CAA,GTG,0
CAA,GCT,0
CAA,GCC,0
CAA,GCA,0
CAA,GCG,0
CAA,GAT,0
CAA,GAC,0
CAA,GAA,0
CAA,GAG,0
CAA,GGT,0
CAA,GGC,0
CAA,GGA,0
CAA,GGG,0
CAG,TTT,0
CAG,TTC,0
CAG,TTA,0
CAG,TTG,0
CAG,TCT,0
CAG,TCC,0
CAG,TCA,0
CAG,TCG,0
CAG,TAT,0
CAG,TAC,0
CAG,TGT,0
CAG,TGC,0
CAG,TGG,0
CAG,CTT,0
CAG,CTC,0
CAG,CTA,0
CAG,CTG,0
CAG,CCT,0
CAG,CCC,0
CAG,CCA,0
CAG,CCG,0
CAG,CAT,0
CAG,CAC,0
CAG,CAA,0
CAG,CAG,0
CAG,CGT,0
CAG,CGC,0
CAG,CGA,0
CAG,CGG,0
CAG,ATT,0
CAG,ATC,0
CAG,ATA,0
CAG,ATG,0
CAG,ACT,0
CAG,ACC,0
CAG,ACA,0
CAG,ACG,0
CAG,AAT,0
CAG,AAC,0
CAG,AAA,0
CAG,AAG,0
CAG,AGT,0
CAG,AGC,0
CAG,AGA,0
CAG,AGG,0
CAG,GTT,0
CAG,GTC,0
CAG,GTA,0
CAG,GTG,0
CAG,GCT,0
CAG,GCC,0
CAG,GCA,0
CAG,GCG,0
CAG,GAT,0
CAG,GAC,0
CAG,GAA,0
CAG,GAG,0
CAG,GGT,0
CAG,GGC,0
CAG,GGA,0
CAG,GGG,0
CGT,TTT,0
CGT,TTC,0
CGT,TTA,0
CGT,TTG,0
CGT,TCT,0
CGT,TCC,0
CGT,TCA,0
CGT,TCG,0
CGT,TAT,0
CGT,TAC,0
CGT,TGT,0
CGT,TGC,0
CGT,TGG,0
CGT,CTT,0
CGT,CTC,0
CGT,CTA,0
CGT,CTG,0
CGT,CCT,0
CGT,CCC,0
CGT,CCA,0
CGT,CCG,0
CGT,CAT,0
CGT,CAC,0
CGT,CAA,0
CGT,CAG,0
CGT,CGT,0
CGT,CGC,1769
CGT,CGA,1769
CGT,CGG,1769
CGT,ATT,0
CGT,ATC,0
CGT,ATA,0
CGT,ATG,0
CGT,ACT,0
CGT,ACC,0
CGT,ACA,0
CGT,ACG,0
CGT,AAT,0
CGT,AAC,0
CGT,AAA,0
CGT,AAG,0
CGT,AGT,0
CGT,AGC,0
CGT,AGA,0
CGT,AGG,0
CGT,GTT,0
CGT,GTC,0
CGT,GTA,0
CGT,GTG,0
CGT,GCT,0
CGT,GCC,0
CGT,GCA,0
CGT,GCG,0
CGT,GAT,0
CGT,GAC,0
CGT,GAA,0
CGT,GAG,0
CGT,GGT,0
CGT,GGC,0
CGT,GGA,0
CGT,GGG,0
CGC,TTT,0
CGC,TTC,0
CGC,TTA,0
CGC,TTG,0
CGC,TCT,0
CGC,TCC,0
CGC,TCA,0
CGC,TCG,0
CGC,TAT,0
CGC,TAC,0
CGC,TGT,0
CGC,TGC,0
CGC,TGG,0
CGC,CTT,0
CGC,CTC,0
CGC,CTA,0
CGC,CTG,0
CGC,CCT,0
CGC,CCC,0
CGC,CCA,0
CGC,CCG,0
CGC,CAT,0
CGC,CAC,0
CGC,CAA,0
CGC,CAG,0
CGC,CGT,0
CGC,CGC,0
CGC,CGA,0
CGC,CGG,0
CGC,ATT,0
CGC,ATC,0
CGC,ATA,0
CGC,ATG,0
CGC,ACT,0
CGC,ACC,0
CGC,ACA,0
CGC,ACG,0
CGC,AAT,0
CGC,AAC,0
CGC,AAA,0
CGC,AAG,0
CGC,AGT,0
CGC,AGC,0
CGC,AGA,0
CGC,AGG,0
CGC,GTT,0
CGC,GTC,0
CGC,GTA,0
CGC,GTG,0
CGC,GCT,0
CGC,GCC,0
CGC,GCA,0
CGC,GCG,0
CGC,GAT,0
CGC,GAC,0
CGC,GAA,0
CGC,GAG,0
CGC,GGT,0
CGC,GGC,0
CGC,GGA,0
CGC,GGG,0
CGA,TTT,0
CGA,TTC,0
CGA,TTA,0
CGA,TTG,0
CGA,TCT,0
CGA,TCC,0
CGA,TCA,0
CGA,TCG,0
CGA,TAT,0
CGA,TAC,0
CGA,TGT,0
CGA,TGC,0
CGA,TGG,0
CGA,CTT,0
CGA,CTC,0
CGA,CTA,0
CGA,CTG,0
CGA,CCT,0
CGA,CCC,0
CGA,CCA,0
CGA,CCG,0
CGA,CAT,0
CGA,CAC,0
CGA,CAA,0
CGA,CAG,0
CGA,CGT,0
CGA,CGC,0
CGA,CGA,0
CGA,CGG,0
CGA,ATT,0
CGA,ATC,0
CGA,ATA,0
CGA,ATG,0
CGA,ACT,0
CGA,ACC,0
CGA,ACA,0
CGA,ACG,0
CGA,AAT,0
CGA,AAC,0
CGA,AAA,0
CGA,AAG,0
CGA,AGT,0
CGA,AGC,0
CGA,AGA,0
CGA,AGG,0
CGA,GTT,0
CGA,GTC,0
CGA,GTA,0
CGA,GTG,0
CGA,GCT,0
CGA,GCC,0
CGA,GCA,0
CGA,GCG,0
CGA,GAT,0
CGA,GAC,0
CGA,GAA,0
CGA,GAG,0
CGA,GGT,0
CGA,GGC,0
CGA,GGA,0
CGA,GGG,0
CGG,TTT,0
CGG,TTC,0
CGG,TTA,0
CGG,TTG,0
CGG,TCT,0
CGG,TCC,0
CGG,TCA,0
CGG,TCG,0
CGG,TAT,0
CGG,TAC,0
CGG,TGT,0
CGG,TGC,0
CGG,TGG,0
CGG,CTT,0
CGG,CTC,0
CGG,CTA,0
CGG,CTG,0
CGG,CCT,0
CGG,CCC,0
CGG,CCA,0
CGG,CCG,0
CGG,CAT,0
CGG,CAC,0
CGG,CAA,0
CGG,CAG,0
CGG,CGT,0
CGG,CGC,0
CGG,CGA,0
CGG,CGG,0
CGG,ATT,0
CGG,ATC,0
CGG,ATA,0
CGG,ATG,0
CGG,ACT,0
CGG,ACC,0
CGG,ACA,0
CGG,ACG,0
CGG,AAT,0
CGG,AAC,0
CGG,AAA,0
CGG,AAG,0
CGG,AGT,0
CGG,AGC,0
CGG,AGA,0
CGG,AGG,0
CGG,GTT,0
CGG,GTC,0
CGG,GTA,0
CGG,GTG,0
CGG,GCT,0
CGG,GCC,0
CGG,GCA,0
CGG,GCG,0
CGG,GAT,0
CGG,GAC,0
CGG,GAA,0
CGG,GAG,0
CGG,GGT,0
CGG,GGC,0
CGG,GGA,0
CGG,GGG,0
ATT,TTT,0
ATT,TTC,0
ATT,TTA,0
ATT,TTG,0
ATT,TCT,0
ATT,TCC,0
ATT,TCA,0
ATT,TCG,0
ATT,TAT,0
ATT,TAC,0
ATT,TGT,0
ATT,TGC,0
ATT,TGG,0
ATT,CTT,0
ATT,CTC,0
ATT,CTA,0
ATT,CTG,0
ATT,CCT,0
ATT,CCC,0
ATT,CCA,0
ATT,CCG,0
ATT,CAT,0
ATT,CAC,0
ATT,CAA,0
ATT,CAG,0
ATT,CGT,0
ATT,CGC,0
ATT,CGA,0
ATT,CGG,0
ATT,ATT,0
ATT,ATC,1769
ATT,ATA,1769
ATT,ATG,1769
ATT,ACT,3721
ATT,ACC,0
ATT,ACA,0
ATT,ACG,0
ATT,AAT,3721
ATT,AAC,0
ATT,AAA,0
ATT,AAG,0
ATT,AGT,3721
ATT,AGC,0
ATT,AGA,0
ATT,AGG,0
ATT,GTT,0
ATT,GTC,0
ATT,GTA,0
ATT,GTG,0
ATT,GCT,0
ATT,GCC,0
ATT,GCA,0
ATT,GCG,0
ATT,GAT,0
ATT,GAC,0
ATT,GAA,0
ATT,GAG,0
ATT,GGT,0
ATT,GGC,0
ATT,GGA,0
ATT,GGG,0
ATC,TTT,0
ATC,TTC,0
ATC,TTA,0
ATC,TTG,0
ATC,TCT,0
ATC,TCC,0
ATC,TCA,0
ATC,TCG,0
ATC,TAT,0
ATC,TAC,0
ATC,TGT,0
ATC,TGC,0
ATC,TGG,0
ATC,CTT,0
ATC,CTC,0
ATC,CTA,0
ATC,CTG,0
ATC,CCT,0
ATC,CCC,0
ATC,CCA,0
ATC,CCG,0
ATC,CAT,0
ATC,CAC,0
ATC,CAA,0
ATC,CAG,0
ATC,CGT,0
ATC,CGC,0
ATC,CGA,0
ATC,CGG,0
ATC,ATT,0
ATC,ATC,0
ATC,ATA,0
ATC,ATG,0
ATC,ACT,0
ATC,ACC,0
ATC,ACA,0
ATC,ACG,0
ATC,AAT,0
ATC,AAC,0
ATC,AAA,0
ATC,AAG,0
ATC,AGT,0
ATC,AGC,0
ATC,AGA,0
ATC,AGG,0
ATC,GTT,0
ATC,GTC,0
ATC,GTA,0
ATC,GTG,0
ATC,GCT,0
ATC,GCC,0
ATC,GCA,0
ATC,GCG,0
ATC,GAT,0
ATC,GAC,0
ATC,GAA,0
ATC,GAG,0
ATC,GGT,0
ATC,GGC,0
ATC,GGA,0
ATC,GGG,0
ATA,TTT,0
ATA,TTC,0
ATA,TTA,0
ATA,TTG,0
ATA,TCT,0
ATA,TCC,0
ATA,TCA,0
ATA,TCG,0
ATA,TAT,0
ATA,TAC,0
ATA,TGT,0
ATA,TGC,0
ATA,TGG,0
ATA,CTT,0
ATA,CTC,0
ATA,CTA,0
ATA,CTG,0
ATA,CCT,0
ATA,CCC,0
ATA,CCA,0
ATA,CCG,0
ATA,CAT,0
ATA,CAC,0
ATA,CAA,0
ATA,CAG,0
ATA,CGT,0
ATA,CGC,0
ATA,CGA,0
ATA,CGG,0
ATA,ATT,0
ATA,ATC,0
ATA,ATA,0
ATA,ATG,0
ATA,ACT,0
ATA,ACC,0
ATA,ACA,3721
ATA,ACG,0
ATA,AAT,0
ATA,AAC,0
ATA,AAA,3721
ATA,AAG,0
ATA,AGT,0
ATA,AGC,0
ATA,AGA,3721
ATA,AGG,0
ATA,GTT,0
ATA,GTC,0
ATA,GTA,0
ATA,GTG,0
ATA,GCT,0
ATA,GCC,0
ATA,GCA,0
ATA,GCG,0
ATA,GAT,0
ATA,GAC,0
ATA,GAA,0
ATA,GAG,0
ATA,GGT,0
ATA,GGC,0
ATA,GGA,0
ATA,GGG,0
ATG,TTT,0
ATG,TTC,0
ATG,TTA,0
ATG,TTG,0
ATG,TCT,0
ATG,TCC,0
ATG,TCA,0
ATG,TCG,0
ATG,TAT,0
ATG,TAC,0
ATG,TGT,0
ATG,TGC,0
ATG,TGG,0
ATG,CTT,0
ATG,CTC,0
ATG,CTA,0
ATG,CTG,0
ATG,CCT,0
ATG,CCC,0
ATG,CCA,0
ATG,CCG,0
ATG,CAT,0
ATG,CAC,0
ATG,CAA,0
ATG,CAG,0
ATG,CGT,0
ATG,CGC,0
ATG,CGA,0
ATG,CGG,0
ATG,ATT,0
ATG,ATC,0
ATG,ATA,0
ATG,ATG,0
ATG,ACT,0
ATG,ACC,0
ATG,ACA,0
ATG,ACG,0
ATG,AAT,0
ATG,AAC,0
ATG,AAA,0
ATG,AAG,0
ATG,AGT,0
ATG,AGC,0
ATG,AGA,0
ATG,AGG,0
ATG,GTT,0
ATG,GTC,0
ATG,GTA,0
ATG,GTG,0
ATG,GCT,0
ATG,GCC,0
ATG,GCA,0
ATG,GCG,0
ATG,GAT,0
ATG,GAC,0
ATG,GAA,0
ATG,GAG,0
ATG,GGT,0
ATG,GGC,0
ATG,GGA,0
ATG,GGG,0
ACT,TTT,0
ACT,TTC,0
ACT,TTA,0
ACT,TTG,0
ACT,TCT,0
ACT,TCC,0
ACT,TCA,0
ACT,TCG,0
ACT,TAT,0
ACT,TAC,0
ACT,TGT,0
ACT,TGC,0
ACT,TGG,0
ACT,CTT,0
ACT,CTC,0
ACT,CTA,0
ACT,CTG,0
ACT,CCT,0
ACT,CCC,0
ACT,CCA,0
ACT,CCG,0
ACT,CAT,0
ACT,CAC,0
ACT,CAA,0
ACT,CAG,0
ACT,CGT,0
ACT,CGC,0
ACT,CGA,0
ACT,CGG,0
ACT,ATT,0
ACT,ATC,0
ACT,ATA,0
ACT,ATG,0
ACT,ACT,0
ACT,ACC,1769
ACT,ACA,1769
ACT,ACG,1769
ACT,AAT,0
ACT,AAC,0
ACT,AAA,0
ACT,AAG,0
ACT,AGT,0
ACT,AGC,0
ACT,AGA,0
ACT,AGG,0
ACT,GTT,0
ACT,GTC,0
ACT,GTA,0
ACT,GTG,0
ACT,GCT,0
ACT,GCC,0
ACT,GCA,0
ACT,GCG,0
ACT,GAT,0
ACT,GAC,0
ACT,GAA,0
ACT,GAG,0
ACT,GGT,0
ACT,GGC,0
ACT,GGA,0
ACT,GGG,0
ACC,TTT,0
ACC,TTC,0
ACC,TTA,0
ACC,TTG,0
ACC,TCT,0
ACC,TCC,0
ACC,TCA,0
ACC,TCG,0
ACC,TAT,0
ACC,TAC,0
ACC,TGT,0
ACC,TGC,0
ACC,TGG,0
ACC,CTT,0
ACC,CTC,0
ACC,CTA,0
ACC,CTG,0
ACC,CCT,0
ACC,CCC,0
ACC,CCA,0
ACC,CCG,0
ACC,CAT,0
ACC,CAC,0
ACC,CAA,0
ACC,CAG,0
ACC,CGT,0
ACC,CGC,0
ACC,CGA,0
ACC,CGG,0
ACC,ATT,0
ACC,ATC,0
ACC,ATA,0
ACC,ATG,0
ACC,ACT,0
ACC,ACC,0
ACC,ACA,0
ACC,ACG,0
ACC,AAT,0
ACC,AAC,0
ACC,AAA,0
ACC,AAG,0
ACC,AGT,0
ACC,AGC,0
ACC,AGA,0
ACC,AGG,0
ACC,GTT,0
ACC,GTC,0
ACC,GTA,0
ACC,GTG,0
ACC,GCT,0
ACC,GCC,0
ACC,GCA,0
ACC,GCG,0
ACC,GAT,0
ACC,GAC,0
ACC,GAA,0
ACC,GAG,0
ACC,GGT,0
ACC,GGC,0
ACC,GGA,0
ACC,GGG,0
ACA,TTT,0
ACA,TTC,0
ACA,TTA,0
ACA,TTG,0
ACA,TCT,0
ACA,TCC,0
ACA,TCA,0
ACA,TCG,0
ACA,TAT,0
ACA,TAC,0
ACA,TGT,0
ACA,TGC,0
ACA,TGG,0
ACA,CTT,0
ACA,CTC,0
ACA,CTA,0
ACA,CTG,0
ACA,CCT,0
ACA,CCC,0
ACA,CCA,0
ACA,CCG,0
ACA,CAT,0
ACA,CAC,0
ACA,CAA,0
ACA,CAG,0
ACA,CGT,0
ACA,CGC,0
ACA,CGA,0
ACA,CGG,0
ACA,ATT,0
ACA,ATC,0
ACA,ATA,0
ACA,ATG,0
ACA,ACT,0
ACA,ACC,0
ACA,ACA,0
ACA,ACG,0
ACA,AAT,0
ACA,AAC,0
ACA,AAA,0
ACA,AAG,0
ACA,AGT,0
ACA,AGC,0
ACA,AGA,0
ACA,AGG,0
ACA,GTT,0
ACA,GTC,0
ACA,GTA,0
ACA,GTG,0
ACA,GCT,0
ACA,GCC,0
ACA,GCA,0
ACA,GCG,0
ACA,GAT,0
ACA,GAC,0
ACA,GAA,0
ACA,GAG,0
ACA,GGT,0
ACA,GGC,0
ACA,GGA,0
ACA,GGG,0
ACG,TTT,0
ACG,TTC,0
ACG,TTA,0
ACG,TTG,0
ACG,TCT,0
ACG,TCC,0
ACG,TCA,0
ACG,TCG,0
ACG,TAT,0
ACG,TAC,0
ACG,TGT,0
ACG,TGC,0
ACG,TGG,0
ACG,CTT,0
ACG,CTC,0
ACG,CTA,0
ACG,CTG,0
ACG,CCT,0
ACG,CCC,0
ACG,CCA,0
ACG,CCG,0
ACG,CAT,0
ACG,CAC,0
ACG,CAA,0
ACG,CAG,0
ACG,CGT,0
ACG,CGC,0
ACG,CGA,0
ACG,CGG,0
ACG,ATT,0
ACG,ATC,0
ACG,ATA,0
ACG,ATG,0
ACG,ACT,0
ACG,ACC,0
ACG,ACA,0
ACG,ACG,0
ACG,AAT,0
ACG,AAC,0
ACG,AAA,0
ACG,AAG,0
ACG,AGT,0
ACG,AGC,0
ACG,AGA,0
ACG,AGG,0
ACG,GTT,0
ACG,GTC,0
ACG,GTA,0
ACG,GTG,0
ACG,GCT,0
ACG,GCC,0
ACG,GCA,0
ACG,GCG,0
ACG,GAT,0
ACG,GAC,0
ACG,GAA,0
ACG,GAG,0
ACG,GGT,0
ACG,GGC,0
ACG,GGA,0
ACG,GGG,0
AAT,TTT,0
AAT,TTC,0
AAT,TTA,0
AAT,TTG,0
AAT,TCT,0
AAT,TCC,0
AAT,TCA,0
AAT,TCG,0
AAT,TAT,0
AAT,TAC,0
AAT,TGT,0
AAT,TGC,0
AAT,TGG,0
AAT,CTT,0
AAT,CTC,0
AAT,CTA,0
AAT,CTG,0
AAT,CCT,0
AAT,CCC,0
AAT,CCA,0
AAT,CCG,0
AAT,CAT,0
AAT,CAC,0
AAT,CAA,0
AAT,CAG,0
AAT,CGT,0
AAT,CGC,0
AAT,CGA,0
AAT,CGG,0
AAT,ATT,0
AAT,ATC,0
AAT,ATA,0
AAT,ATG,0
AAT,ACT,0
AAT,ACC,0
AAT,ACA,0
AAT,ACG,0
AAT,AAT,0
AAT,AAC,1769
AAT,AAA,1769
AAT,AAG,1769
AAT,AGT,0
AAT,AGC,0
AAT,AGA,0
AAT,AGG,0
AAT,GTT,0
AAT,GTC,0
AAT,GTA,0
AAT,GTG,0
AAT,GCT,0
AAT,GCC,0
AAT,GCA,0
AAT,GCG,0
AAT,GAT,0
AAT,GAC,0
AAT,GAA,0
AAT,GAG,0
AAT,GGT,0
AAT,GGC,0
AAT,GGA,0
AAT,GGG,0
AAC,TTT,0
AAC,TTC,0
AAC,TTA,0
AAC,TTG,0
AAC,TCT,0
AAC,TCC,0
AAC,TCA,0
AAC,TCG,0
AAC,TAT,0
AAC,TAC,0
AAC,TGT,0
AAC,TGC,0
AAC,TGG,0
AAC,CTT,0
AAC,CTC,0
AAC,CTA,0
AAC,CTG,0
AAC,CCT,0
AAC,CCC,0
AAC,CCA,0
AAC,CCG,0
AAC,CAT,0
AAC,CAC,0
AAC,CAA,0
AAC,CAG,0
AAC,CGT,0
AAC,CGC,0
AAC,CGA,0
AAC,CGG,0
AAC,ATT,0
AAC,ATC,0
AAC,ATA,0
AAC,ATG,0
AAC,ACT,0
AAC,ACC,0
AAC,ACA,0
AAC,ACG,0
AAC,AAT,0
AAC,AAC,0
AAC,AAA,0
AAC,AAG,0
AAC,AGT,0
AAC,AGC,0
AAC,AGA,0
AAC,AGG,0
AAC,GTT,0
AAC,GTC,0
AAC,GTA,0
AAC,GTG,0
AAC,GCT,0
AAC,GCC,0
AAC,GCA,0
AAC,GCG,0
AAC,GAT,0
AAC,GAC,0
AAC,GAA,0
AAC,GAG,0
AAC,GGT,0
AAC,GGC,0
AAC,GGA,0
AAC,GGG,0
AAA,TTT,0
AAA,TTC,0
AAA,TTA,0
AAA,TTG,0
AAA,TCT,0
AAA,TCC,0
AAA,TCA,0
AAA,TCG,0
AAA,TAT,0
AAA,TAC,0
AAA,TGT,0
AAA,TGC,0
AAA,TGG,0
AAA,CTT,0
AAA,CTC,0
AAA,CTA,0
AAA,CTG,0
AAA,CCT,0
AAA,CCC,0
AAA,CCA,0
AAA,CCG,0
AAA,CAT,0
AAA,CAC,0
AAA,CAA,0
AAA,CAG,0
AAA,CGT,0
AAA,CGC,0
AAA,CGA,0
AAA,CGG,0
AAA,ATT,0
AAA,ATC,0
AAA,ATA,0
AAA,ATG,0
AAA,ACT,0
AAA,ACC,0
AAA,ACA,0
AAA,ACG,0
AAA,AAT,0
AAA,AAC,0
AAA,AAA,0
AAA,AAG,0
AAA,AGT,0
AAA,AGC,0
AAA,AGA,0
AAA,AGG,0
AAA,GTT,0
AAA,GTC,0
AAA,GTA,0
AAA,GTG,0
AAA,GCT,0
AAA,GCC,0
AAA,GCA,0
AAA,GCG,0
AAA,GAT,0
AAA,GAC,0
AAA,GAA,0
AAA,GAG,0
AAA,GGT,0
AAA,GGC,0
AAA,GGA,0
AAA,GGG,0
AAG,TTT,0
AAG,TTC,0
AAG,TTA,0
AAG,TTG,0
AAG,TCT,0
AAG,TCC,0
AAG,TCA,0
AAG,TCG,0
AAG,TAT,0
AAG,TAC,0
AAG,TGT,0
AAG,TGC,0
AAG,TGG,0
AAG,CTT,0
AAG,CTC,0
AAG,CTA,0
AAG,CTG,0
AAG,CCT,0
AAG,CCC,0
AAG,CCA,0
AAG,CCG,0
AAG,CAT,0
AAG,CAC,0
AAG,CAA,0
AAG,CAG,0
AAG,CGT,0
AAG,CGC,0
AAG,CGA,0
AAG,CGG,0
AAG,ATT,0
AAG,ATC,0
AAG,ATA,0
AAG,ATG,0
AAG,ACT,0
AAG,ACC,0
AAG,ACA,0
AAG,ACG,0
AAG,AAT,0
AAG,AAC,0
AAG,AAA,0
AAG,AAG,0
AAG,AGT,0
AAG,AGC,0
AAG,AGA,0
AAG,AGG,0
AAG,GTT,0
AAG,GTC,0
AAG,GTA,0
AAG,GTG,0
AAG,GCT,0
AAG,GCC,0
AAG,GCA,0
AAG,GCG,0
AAG,GAT,0
AAG,GAC,0
AAG,GAA,0
AAG,GAG,0
AAG,GGT,0
AAG,GGC,0
AAG,GGA,0
AAG,GGG,0
AGT,TTT,0
AGT,TTC,0
AGT,TTA,0
AGT,TTG,0
AGT,TCT,0
AGT,TCC,0
AGT,TCA,0
AGT,TCG,0
AGT,TAT,0
AGT,TAC,0
AGT,TGT,0
AGT,TGC,0
AGT,TGG,0
AGT,CTT,0
AGT,CTC,0
AGT,CTA,0
AGT,CTG,0
AGT,CCT,0
AGT,CCC,0
AGT,CCA,0
AGT,CCG,0
AGT,CAT,0
AGT,CAC,0
AGT,CAA,0
AGT,CAG,0
AGT,CGT,0
AGT,CGC,0
AGT,CGA,0
AGT,CGG,0
AGT,ATT,0
AGT,ATC,0
AGT,ATA,0
AGT,ATG,0
AGT,ACT,0
AGT,ACC,0
AGT,ACA,0
AGT,ACG,0
AGT,AAT,0
AGT,AAC,0
AGT,AAA,0
AGT,AAG,0
AGT,AGT,0
AGT,AGC,1769
AGT,AGA,1769
AGT,AGG,1769
AGT,GTT,0
AGT,GTC,0
AGT,GTA,0
AGT,GTG,0
AGT,GCT,0
AGT,GCC,0
AGT,GCA,0
AGT,GCG,0
AGT,GAT,0
AGT,GAC,0
AGT,GAA,0
AGT,GAG,0
AGT,GGT,0
AGT,GGC,0
AGT,GGA,0
AGT,GGG,0
AGC,TTT,0
AGC,TTC,0
AGC,TTA,0
AGC,TTG,0
AGC,TCT,0
AGC,TCC,0
AGC,TCA,0
AGC,TCG,0
AGC,TAT,0
AGC,TAC,0
AGC,TGT,0
AGC,TGC,0
AGC,TGG,0
AGC,CTT,0
AGC,CTC,0
AGC,CTA,0
AGC,CTG,0
AGC,CCT,0
AGC,CCC,0
AGC,CCA,0
AGC,CCG,0
AGC,CAT,0
AGC,CAC,0
AGC,CAA,0
AGC,CAG,0
AGC,CGT,0
AGC,CGC,0
AGC,CGA,0
AGC,CGG,0
AGC,ATT,0
AGC,ATC,0
AGC,ATA,0
AGC,ATG,0
AGC,ACT,0
AGC,ACC,0
AGC,ACA,0
AGC,ACG,0
AGC,AAT,0
AGC,AAC,0
AGC,AAA,0
AGC,AAG,0
AGC,AGT,0
AGC,AGC,0
AGC,AGA,0
AGC,AGG,0
AGC,GTT,0
AGC,GTC,0
AGC,GTA,0
AGC,GTG,0
AGC,GCT,0
AGC,GCC,0
AGC,GCA,0
AGC,GCG,0
AGC,GAT,0
AGC,GAC,0
AGC,GAA,0
AGC,GAG,0
AGC,GGT,0
AGC,GGC,0
AGC,GGA,0
AGC,GGG,0
AGA,TTT,0
AGA,TTC,0
AGA,TTA,0
AGA,TTG,0
AGA,TCT,0
AGA,TCC,0
AGA,TCA,0
AGA,TCG,0
AGA,TAT,0
AGA,TAC,0
AGA,TGT,0
AGA,TGC,0
AGA,TGG,0
AGA,CTT,0
AGA,CTC,0
AGA,CTA,0
AGA,CTG,0
AGA,CCT,0
AGA,CCC,0
AGA,CCA,0
AGA,CCG,0
AGA,CAT,0
AGA,CAC,0
AGA,CAA,0
AGA,CAG,0
AGA,CGT,0
AGA,CGC,0
AGA,CGA,0
AGA,CGG,0
AGA,ATT,0
AGA,ATC,0
AGA,ATA,0
AGA,ATG,0
AGA,ACT,0
AGA,ACC,0
AGA,ACA,0
AGA,ACG,0
AGA,AAT,0
AGA,AAC,0
AGA,AAA,0
AGA,AAG,0
AGA,AGT,0
AGA,AGC,0
AGA,AGA,0
AGA,AGG,0
AGA,GTT,0
AGA,GTC,0
AGA,GTA,0
AGA,GTG,0
AGA,GCT,0
AGA,GCC,0
AGA,GCA,0
AGA,GCG,0
AGA,GAT,0
AGA,GAC,0
AGA,GAA,0
AGA,GAG,0
AGA,GGT,0
AGA,GGC,0
AGA,GGA,0
AGA,GGG,0
AGG,TTT,0
AGG,TTC,0
AGG,TTA,0
AGG,TTG,0
AGG,TCT,0
AGG,TCC,0
AGG,TCA,0
AGG,TCG,0
AGG,TAT,0
AGG,TAC,0
AGG,TGT,0
AGG,TGC,0
AGG,TGG,0
AGG,CTT,0
AGG,CTC,0
AGG,CTA,0
AGG,CTG,0
AGG,CCT,0
AGG,CCC,0
AGG,CCA,0
AGG,CCG,0
AGG,CAT,0
AGG,CAC,0
AGG,CAA,0
AGG,CAG,0
AGG,CGT,0
AGG,CGC,0
AGG,CGA,0
AGG,CGG,0
AGG,ATT,0
AGG,ATC,0
AGG,ATA,0
AGG,ATG,0
AGG,ACT,0
AGG,ACC,0
AGG,ACA,0
AGG,ACG,0
AGG,AAT,0
AGG,AAC,0
AGG,AAA,0
AGG,AAG,0
AGG,AGT,0
AGG,AGC,0
AGG,AGA,0
AGG,AGG,0
AGG,GTT,0
AGG,GTC,0
AGG,GTA,0
AGG,GTG,0
AGG,GCT,0
AGG,GCC,0
AGG,GCA,0
AGG,GCG,0
AGG,GAT,0
AGG,GAC,0
AGG,GAA,0
AGG,GAG,0
AGG,GGT,0
AGG,GGC,0
AGG,GGA,0
AGG,GGG,0
GTT,TTT,0
GTT,TTC,0
GTT,TTA,0
GTT,TTG,0
GTT,TCT,0
GTT,TCC,0
GTT,TCA,0
GTT,TCG,0
GTT,TAT,0
GTT,TAC,0
GTT,TGT,0
GTT,TGC,0
GTT,TGG,0
GTT,CTT,0
GTT,CTC,0
GTT,CTA,0
GTT,CTG,0
GTT,CCT,0
GTT,CCC,0
GTT,CCA,0
GTT,CCG,0
GTT,CAT,0
GTT,CAC,0
GTT,CAA,0
GTT,CAG,0
GTT,CGT,0
GTT,CGC,0
GTT,CGA,0
GTT,CGG,0
GTT,ATT,0
GTT,ATC,0
GTT,ATA,0
GTT,ATG,0
GTT,ACT,0
GTT,ACC,0
GTT,ACA,0
GTT,ACG,0
GTT,AAT,0
GTT,AAC,0
GTT,AAA,0
GTT,AAG,0
GTT,AGT,0
GTT,AGC,0
GTT,AGA,0
GTT,AGG,0
GTT,GTT,0
GTT,GTC,1769
GTT,GTA,1769
GTT,GTG,1769
GTT,GCT,3721
GTT,GCC,0
GTT,GCA,0
GTT,GCG,0
GTT,GAT,3721
GTT,GAC,0
GTT,GAA,0
GTT,GAG,0
GTT,GGT,3721
GTT,GGC,0
GTT,GGA,0
GTT,GGG,0
GTC,TTT,0
GTC,TTC,0
GTC,TTA,0
GTC,TTG,0
GTC,TCT,0
GTC,TCC,0
GTC,TCA,0
GTC,TCG,0
GTC,TAT,0
GTC,TAC,0
GTC,TGT,0
GTC,TGC,0
GTC,TGG,0
GTC,CTT,0
GTC,CTC,0
GTC,CTA,0
GTC,CTG,0
GTC,CCT,0
GTC,CCC,0
GTC,CCA,0
GTC,CCG,0
GTC,CAT,0
GTC,CAC,0
GTC,CAA,0
GTC,CAG,0
GTC,CGT,0
GTC,CGC,0
GTC,CGA,0
GTC,CGG,0
GTC,ATT,0
GTC,ATC,0
GTC,ATA,0
GTC,ATG,0
GTC,ACT,0
GTC,ACC,0
GTC,ACA,0
GTC,ACG,0
GTC,AAT,0
GTC,AAC,0
GTC,AAA,0
GTC,AAG,0
GTC,AGT,0
GTC,AGC,0
GTC,AGA,0
GTC,AGG,0
GTC,GTT,0
GTC,GTC,0
GTC,GTA,0
GTC,GTG,0
GTC,GCT,0
GTC,GCC,0
GTC,GCA,0
GTC,GCG,0
GTC,GAT,0
GTC,GAC,0
GTC,GAA,0
GTC,GAG,0
GTC,GGT,0
GTC,GGC,0
GTC,GGA,0
GTC,GGG,0
GTA,TTT,0
GTA,TTC,0
GTA,TTA,0
GTA,TTG,0
GTA,TCT,0
GTA,TCC,0
GTA,TCA,0
GTA,TCG,0
GTA,TAT,0
GTA,TAC,0
GTA,TGT,0
GTA,TGC,0
GTA,TGG,0
GTA,CTT,0
GTA,CTC,0
GTA,CTA,0
GTA,CTG,0
GTA,CCT,0
GTA,CCC,0
GTA,CCA,0
GTA,CCG,0
GTA,CAT,0
GTA,CAC,0
GTA,CAA,0
GTA,CAG,0
GTA,CGT,0
GTA,CGC,0
GTA,CGA,0
GTA,CGG,0
GTA,ATT,0
GTA,ATC,0
GTA,ATA,0
GTA,ATG,0
GTA,ACT,0
GTA,ACC,0
GTA,ACA,0
GTA,ACG,0
GTA,AAT,0
GTA,AAC,0
GTA,AAA,0
GTA,AAG,0
GTA,AGT,0
GTA,AGC,0
GTA,AGA,0
GTA,AGG,0
GTA,GTT,0
GTA,GTC,0
GTA,GTA,0
GTA,GTG,0
GTA,GCT,0
GTA,GCC,0
GTA,GCA,3721
GTA,GCG,0
GTA,GAT,0
GTA,GAC,0
GTA,GAA,3721
GTA,GAG,0
GTA,GGT,0
GTA,GGC,0
GTA,GGA,3721
GTA,GGG,0
GTG,TTT,0
GTG,TTC,0
GTG,TTA,0
GTG,TTG,0
GTG,TCT,0
GTG,TCC,0
GTG,TCA,0
GTG,TCG,0
GTG,TAT,0
GTG,TAC,0
GTG,TGT,0
GTG,TGC,0
GTG,TGG,0
GTG,CTT,0
GTG,CTC,0
GTG,CTA,0
GTG,CTG,0
GTG,CCT,0
GTG,CCC,0
GTG,CCA,0
GTG,CCG,0
GTG,CAT,0
GTG,CAC,0
GTG,CAA,0
GTG,CAG,0
GTG,CGT,0
GTG,CGC,0
GTG,CGA,0
GTG,CGG,0
GTG,ATT,0
GTG,ATC,0
GTG,ATA,0
GTG,ATG,0
GTG,ACT,0
GTG,ACC,0
GTG,ACA,0
GTG,ACG,0
GTG,AAT,0
GTG,AAC,0
GTG,AAA,0
GTG,AAG,0
GTG,AGT,0
GTG,AGC,0
GTG,AGA,0
GTG,AGG,0
GTG,GTT,0
GTG,GTC,0
GTG,GTA,0
GTG,GTG,0
GTG,GCT,0
GTG,GCC,0
GTG,GCA,0
GTG,GCG,0
GTG,GAT,0
GTG,GAC,0
GTG,GAA,0
GTG,GAG,0
GTG,GGT,0
GTG,GGC,0
GTG,GGA,0
GTG,GGG,0
GCT,TTT,0
GCT,TTC,0
GCT,TTA,0
GCT,TTG,0
GCT,TCT,0
GCT,TCC,0
GCT,TCA,0
GCT,TCG,0
GCT,TAT,0
GCT,TAC,0
GCT,TGT,0
GCT,TGC,0
GCT,TGG,0
GCT,CTT,0
GCT,CTC,0
GCT,CTA,0
GCT,CTG,0
GCT,CCT,0
GCT,CCC,0
GCT,CCA,0
GCT,CCG,0
GCT,CAT,0
GCT,CAC,0
GCT,CAA,0
GCT,CAG,0
GCT,CGT,0
GCT,CGC,0
GCT,CGA,0
GCT,CGG,0
GCT,ATT,0
GCT,ATC,0
GCT,ATA,0
GCT,ATG,0
GCT,ACT,0
GCT,ACC,0
GCT,ACA,0
GCT,ACG,0
GCT,AAT,0
GCT,AAC,0
GCT,AAA,0
GCT,AAG,0
GCT,AGT,0
GCT,AGC,0
GCT,AGA,0
GCT,AGG,0
GCT,GTT,0
GCT,GTC,0
GCT,GTA,0
GCT,GTG,0
GCT,GCT,0
GCT,GCC,1769
GCT,GCA,1769
GCT,GCG,1769
GCT,GAT,0
GCT,GAC,0
GCT,GAA,0
GCT,GAG,0
GCT,GGT,0
GCT,GGC,0
GCT,GGA,0
GCT,GGG,0
GCC,TTT,0
GCC,TTC,0
GCC,TTA,0
GCC,TTG,0
GCC,TCT,0
GCC,TCC,0
GCC,TCA,0
GCC,TCG,0
GCC,TAT,0
GCC,TAC,0
GCC,TGT,0
GCC,TGC,0
GCC,TGG,0
GCC,CTT,0
GCC,CTC,0
GCC,CTA,0
GCC,CTG,0
GCC,CCT,0
GCC,CCC,0
GCC,CCA,0
GCC,CCG,0
GCC,CAT,0
GCC,CAC,0
GCC,CAA,0
GCC,CAG,0
GCC,CGT,0
GCC,CGC,0
GCC,CGA,0
GCC,CGG,0
GCC,ATT,0
GCC,ATC,0
GCC,ATA,0
GCC,ATG,0
GCC,ACT,0
GCC,ACC,0
GCC,ACA,0
GCC,ACG,0
GCC,AAT,0
GCC,AAC,0
GCC,AAA,0
GCC,AAG,0
GCC,AGT,0
GCC,AGC,0
GCC,AGA,0
GCC,AGG,0
GCC,GTT,0
GCC,GTC,0
GCC,GTA,0
GCC,GTG,0
GCC,GCT,0
GCC,GCC,0
GCC,GCA,0
GCC,GCG,0
GCC,GAT,0
GCC,GAC,0
GCC,GAA,0
GCC,GAG,0
GCC,GGT,0
GCC,GGC,0
GCC,GGA,0
GCC,GGG,0
GCA,TTT,0
GCA,TTC,0
GCA,TTA,0
GCA,TTG,0
GCA,TCT,0
GCA,TCC,0
GCA,TCA,0
GCA,TCG,0
GCA,TAT,0
GCA,TAC,0
GCA,TGT,0
GCA,TGC,0
GCA,TGG,0
GCA,CTT,0
GCA,CTC,0
GCA,CTA,0
GCA,CTG,0
GCA,CCT,0
GCA,CCC,0
GCA,CCA,0
GCA,CCG,0
GCA,CAT,0
GCA,CAC,0
GCA,CAA,0
GCA,CAG,0
GCA,CGT,0
GCA,CGC,0
GCA,CGA,0
GCA,CGG,0
GCA,ATT,0
GCA,ATC,0
GCA,ATA,0
GCA,ATG,0
GCA,ACT,0
GCA,ACC,0
GCA,ACA,0
GCA,ACG,0
GCA,AAT,0
GCA,AAC,0
GCA,AAA,0
GCA,AAG,0
GCA,AGT,0
GCA,AGC,0
GCA,AGA,0
GCA,AGG,0
GCA,GTT,0
GCA,GTC,0
GCA,GTA,0
GCA,GTG,0
GCA,GCT,0
GCA,GCC,0
GCA,GCA,0
GCA,GCG,0
GCA,GAT,0
GCA,GAC,0
GCA,GAA,0
GCA,GAG,0
GCA,GGT,0
GCA,GGC,0
GCA,GGA,0
GCA,GGG,0
GCG,TTT,0
GCG,TTC,0
GCG,TTA,0
GCG,TTG,0
GCG,TCT,0
GCG,TCC,0
GCG,TCA,0
GCG,TCG,0
GCG,TAT,0
GCG,TAC,0
GCG,TGT,0
GCG,TGC,0
GCG,TGG,0
GCG,CTT,0
GCG,CTC,0
GCG,CTA,0
GCG,CTG,0
GCG,CCT,0
GCG,CCC,0
GCG,CCA,0
GCG,CCG,0
GCG,CAT,0
GCG,CAC,0
GCG,CAA,0
GCG,CAG,0
GCG,CGT,0
GCG,CGC,0
GCG,CGA,0
GCG,CGG,0
GCG,ATT,0
GCG,ATC,0
GCG,ATA,0
GCG,ATG,0
GCG,ACT,0
GCG,ACC,0
GCG,ACA,0
GCG,ACG,0
GCG,AAT,0
GCG,AAC,0
GCG,AAA,0
GCG,AAG,0
GCG,AGT,0
GCG,AGC,0
GCG,AGA,0
GCG,AGG,0
GCG,GTT,0
GCG,GTC,0
GCG,GTA,0
GCG,GTG,0
GCG,GCT,0
GCG,GCC,0
GCG,GCA,0
GCG,GCG,0
GCG,GAT,0
GCG,GAC,0
GCG,GAA,0
GCG,GAG,0
GCG,GGT,0
GCG,GGC,0
GCG,GGA,0
GCG,GGG,0
GAT,TTT,0
GAT,TTC,0
GAT,TTA,0
GAT,TTG,0
GAT,TCT,0
GAT,TCC,0
GAT,TCA,0
GAT,TCG,0
GAT,TAT,0
GAT,TAC,0
GAT,TGT,0
GAT,TGC,0
GAT,TGG,0
GAT,CTT,0
GAT,CTC,0
GAT,CTA,0
GAT,CTG,0
GAT,CCT,0
GAT,CCC,0
GAT,CCA,0
GAT,CCG,0
GAT,CAT,0
GAT,CAC,0
GAT,CAA,0
GAT,CAG,0
GAT,CGT,0
GAT,CGC,0
GAT,CGA,0
GAT,CGG,0
GAT,ATT,0
GAT,ATC,0
GAT,ATA,0
GAT,ATG,0
GAT,ACT,0
GAT,ACC,0
GAT,ACA,0
GAT,ACG,0
GAT,AAT,0
GAT,AAC,0
GAT,AAA,0
GAT,AAG,0
GAT,AGT,0
GAT,AGC,0
GAT,AGA,0
GAT,AGG,0
GAT,GTT,0
GAT,GTC,0
GAT,GTA,0
GAT,GTG,0
GAT,GCT,0
GAT,GCC,0
GAT,GCA,0
GAT,GCG,0
GAT,GAT,0
GAT,GAC,1769
GAT,GAA,1769
GAT,GAG,1769
GAT,GGT,0
GAT,GGC,0
GAT,GGA,0
GAT,GGG,0
GAC,TTT,0
GAC,TTC,0
GAC,TTA,0
GAC,TTG,0
GAC,TCT,0
GAC,TCC,0
GAC,TCA,0
GAC,TCG,0
GAC,TAT,0
GAC,TAC,0
GAC,TGT,0
GAC,TGC,0
GAC,TGG,0
GAC,CTT,0
GAC,CTC,0
GAC,CTA,0
GAC,CTG,0
GAC,CCT,0
GAC,CCC,0
GAC,CCA,0
GAC,CCG,0
GAC,CAT,0
GAC,CAC,0
GAC,CAA,0
GAC,CAG,0
GAC,CGT,0
GAC,CGC,0
GAC,CGA,0
GAC,CGG,0
GAC,ATT,0
GAC,ATC,0
GAC,ATA,0
GAC,ATG,0
GAC,ACT,0
GAC,ACC,0
GAC,ACA,0
GAC,ACG,0
GAC,AAT,0
GAC,AAC,0
GAC,AAA,0
GAC,AAG,0
GAC,AGT,0
GAC,AGC,0
GAC,AGA,0
GAC,AGG,0
GAC,GTT,0
GAC,GTC,0
GAC,GTA,0
GAC,GTG,0
GAC,GCT,0
GAC,GCC,0
GAC,GCA,0
GAC,GCG,0
GAC,GAT,0
GAC,GAC,0
GAC,GAA,0
GAC,GAG,0
GAC,GGT,0
GAC,GGC,0
GAC,GGA,0
GAC,GGG,0
GAA,TTT,0
GAA,TTC,0
GAA,TTA,0
GAA,TTG,0
GAA,TCT,0
GAA,TCC,0
GAA,TCA,0
GAA,TCG,0
GAA,TAT,0
GAA,TAC,0
GAA,TGT,0
GAA,TGC,0
GAA,TGG,0
GAA,CTT,0
GAA,CTC,0
GAA,CTA,0
GAA,CTG,0
GAA,CCT,0
GAA,CCC,0
GAA,CCA,0
GAA,CCG,0
GAA,CAT,0
GAA,CAC,0
GAA,CAA,0
GAA,CAG,0
GAA,CGT,0
GAA,CGC,0
GAA,CGA,0
GAA,CGG,0
GAA,ATT,0
GAA,ATC,0
GAA,ATA,0
GAA,ATG,0
GAA,ACT,0
GAA,ACC,0
GAA,ACA,0
GAA,ACG,0
GAA,AAT,0
GAA,AAC,0
GAA,AAA,0
GAA,AAG,0
GAA,AGT,0
GAA,AGC,0
GAA,AGA,0
GAA,AGG,0
GAA,GTT,0
GAA,GTC,0
GAA,GTA,0
GAA,GTG,0
GAA,GCT,0
GAA,GCC,0
GAA,GCA,0
GAA,GCG,0
GAA,GAT,0
GAA,GAC,0
GAA,GAA,0
GAA,GAG,0
GAA,GGT,0
GAA,GGC,0
GAA,GGA,0
GAA,GGG,0
GAG,TTT,0
GAG,TTC,0
GAG,TTA,0
GAG,TTG,0
GAG,TCT,0
GAG,TCC,0
GAG,TCA,0
GAG,TCG,0
GAG,TAT,0
GAG,TAC,0
GAG,TGT,0
GAG,TGC,0
GAG,TGG,0
GAG,CTT,0
GAG,CTC,0
GAG,CTA,0
GAG,CTG,0
GAG,CCT,0
GAG,CCC,0
GAG,CCA,0
GAG,CCG,0
GAG,CAT,0
GAG,CAC,0
GAG,CAA,0
GAG,CAG,0
GAG,CGT,0
GAG,CGC,0
GAG,CGA,0
GAG,CGG,0
GAG,ATT,0
GAG,ATC,0
GAG,ATA,0
GAG,ATG,0
GAG,ACT,0
GAG,ACC,0
GAG,ACA,0
GAG,ACG,0
GAG,AAT,0
GAG,AAC,0
GAG,AAA,0
GAG,AAG,0
GAG,AGT,0
GAG,AGC,0
GAG,AGA,0
GAG,AGG,0
GAG,GTT,0
GAG,GTC,0
GAG,GTA,0
GAG,GTG,0
GAG,GCT,0
GAG,GCC,0
GAG,GCA,0
GAG,GCG,0
GAG,GAT,0
GAG,GAC,0
GAG,GAA,0
GAG,GAG,0
GAG,GGT,0
GAG,GGC,0
GAG,GGA,0
GAG,GGG,0
GGT,TTT,0
GGT,TTC,0
GGT,TTA,0
GGT,TTG,0
GGT,TCT,0
GGT,TCC,0
GGT,TCA,0
GGT,TCG,0
GGT,TAT,0
GGT,TAC,0
GGT,TGT,0
GGT,TGC,0
GGT,TGG,0
GGT,CTT,0
GGT,CTC,0
GGT,CTA,0
GGT,CTG,0
GGT,CCT,0
GGT,CCC,0
GGT,CCA,0
GGT,CCG,0
GGT,CAT,0
GGT,CAC,0
GGT,CAA,0
GGT,CAG,0
GGT,CGT,0
GGT,CGC,0
GGT,CGA,0
GGT,CGG,0
GGT,ATT,0
GGT,ATC,0
GGT,ATA,0
GGT,ATG,0
GGT,ACT,0
GGT,ACC,0
GGT,ACA,0
GGT,ACG,0
GGT,AAT,0
GGT,AAC,0
GGT,AAA,0
GGT,AAG,0
GGT,AGT,0
GGT,AGC,0
GGT,AGA,0
GGT,AGG,0
GGT,GTT,0
GGT,GTC,0
GGT,GTA,0
GGT,GTG,0
GGT,GCT,0
GGT,GCC,0
GGT,GCA,0
GGT,GCG,0
GGT,GAT,0
GGT,GAC,0
GGT,GAA,0
GGT,GAG,0
GGT,GGT,0
GGT,GGC,1769
GGT,GGA,1769
GGT,GGG,1769
GGC,TTT,0
GGC,TTC,0
GGC,TTA,0
GGC,TTG,0
GGC,TCT,0
GGC,TCC,0
GGC,TCA,0
GGC,TCG,0
GGC,TAT,0
GGC,TAC,0
GGC,TGT,0
GGC,TGC,0
GGC,TGG,0
GGC,CTT,0
GGC,CTC,0
GGC,CTA,0
GGC,CTG,0
GGC,CCT,0
GGC,CCC,0
GGC,CCA,0
GGC,CCG,0
GGC,CAT,0
GGC,CAC,0
GGC,CAA,0
GGC,CAG,0
GGC,CGT,0
GGC,CGC,0
GGC,CGA,0
GGC,CGG,0
GGC,ATT,0
GGC,ATC,0
GGC,ATA,0
GGC,ATG,0
GGC,ACT,0
GGC,ACC,0
GGC,ACA,0
GGC,ACG,0
GGC,AAT,0
GGC,AAC,0
GGC,AAA,0
GGC,AAG,0
GGC,AGT,0
GGC,AGC,0
GGC,AGA,0
GGC,AGG,0
GGC,GTT,0
GGC,GTC,0
GGC,GTA,0
GGC,GTG,0
GGC,GCT,0
GGC,GCC,0
GGC,GCA,0
GGC,GCG,0
GGC,GAT,0
GGC,GAC,0
GGC,GAA,0
GGC,GAG,0
GGC,GGT,0
GGC,GGC,0
GGC,GGA,0
GGC,GGG,0
GGA,TTT,0
GGA,TTC,0
GGA,TTA,0
GGA,TTG,0
GGA,TCT,0
GGA,TCC,0
GGA,TCA,0
GGA,TCG,0
GGA,TAT,0
GGA,TAC,0
GGA,TGT,0
GGA,TGC,0
GGA,TGG,0
GGA,CTT,0
GGA,CTC,0
GGA,CTA,0
GGA,CTG,0
GGA,CCT,0
GGA,CCC,0
GGA,CCA,0
GGA,CCG,0
GGA,CAT,0
GGA,CAC,0
GGA,CAA,0
GGA,CAG,0
GGA,CGT,0
GGA,CGC,0
GGA,CGA,0
GGA,CGG,0
GGA,ATT,0
GGA,ATC,0
GGA,ATA,0
GGA,ATG,0
GGA,ACT,0
GGA,ACC,0
GGA,ACA,0
GGA,ACG,0
GGA,AAT,0
GGA,AAC,0
GGA,AAA,0
GGA,AAG,0
GGA,AGT,0
GGA,AGC,0
GGA,AGA,0
GGA,AGG,0
GGA,GTT,0
GGA,GTC,0
GGA,GTA,0
GGA,GTG,0
GGA,GCT,0
GGA,GCC,0
GGA,GCA,0
GGA,GCG,0
GGA,GAT,0
GGA,GAC,0
GGA,GAA,0
GGA,GAG,0
GGA,GGT,0
GGA,GGC,0
GGA,GGA,0
GGA,GGG,0
GGG,TTT,0
GGG,TTC,0
GGG,TTA,0
GGG,TTG,0
GGG,TCT,0
GGG,TCC,0
GGG,TCA,0
GGG,TCG,0
GGG,TAT,0
GGG,TAC,0
GGG,TGT,0
GGG,TGC,0
GGG,TGG,0
GGG,CTT,0
GGG,CTC,0
GGG,CTA,0
GGG,CTG,0
GGG,CCT,0
GGG,CCC,0
GGG,CCA,0
GGG,CCG,0
GGG,CAT,0
GGG,CAC,0
GGG,CAA,0
GGG,CAG,0
GGG,CGT,0
GGG,CGC,0
GGG,CGA,0
GGG,CGG,0
GGG,ATT,0
GGG,ATC,0
GGG,ATA,0
GGG,ATG,0
GGG,ACT,0
GGG,ACC,0
GGG,ACA,0
GGG,ACG,0
GGG,AAT,0
GGG,AAC,0
GGG,AAA,0
GGG,AAG,0
GGG,AGT,0
GGG,AGC,0
GGG,AGA,0
GGG,AGG,0
GGG,GTT,0
GGG,GTC,0
GGG,GTA,0
GGG,GTG,0
GGG,GCT,0
GGG,GCC,0
GGG,GCA,0
GGG,GCG,0
GGG,GAT,0
GGG,GAC,0
GGG,GAA,0
GGG,GAG,0
GGG,GGT,0
GGG,GGC,0
GGG,GGA,0
GGG,GGG,0
